-- phpMyAdmin SQL Dump
-- version 5.1.1
-- https://www.phpmyadmin.net/
--
-- Host: 127.0.0.1
-- Generation Time: Mar 07, 2022 at 05:06 AM
-- Server version: 10.4.22-MariaDB
-- PHP Version: 8.1.2

SET SQL_MODE = "NO_AUTO_VALUE_ON_ZERO";
START TRANSACTION;
SET time_zone = "+00:00";


/*!40101 SET @OLD_CHARACTER_SET_CLIENT=@@CHARACTER_SET_CLIENT */;
/*!40101 SET @OLD_CHARACTER_SET_RESULTS=@@CHARACTER_SET_RESULTS */;
/*!40101 SET @OLD_COLLATION_CONNECTION=@@COLLATION_CONNECTION */;
/*!40101 SET NAMES utf8mb4 */;

--
-- Database: `getpass`
--

-- --------------------------------------------------------

--
-- Table structure for table `categories`
--

CREATE TABLE `categories` (
  `cate_id` int(10) NOT NULL,
  `cate_name` varchar(255) NOT NULL
) ENGINE=InnoDB DEFAULT CHARSET=utf8mb4;

--
-- Dumping data for table `categories`
--

INSERT INTO `categories` (`cate_id`, `cate_name`) VALUES
(1, 'คณิตศาสตร์'),
(2, 'ภาษาอังกฤษ'),
(3, 'TOEIC'),
(4, 'O-NET'),
(5, 'GAT/PAT');

-- --------------------------------------------------------

--
-- Table structure for table `orders`
--

CREATE TABLE `orders` (
  `order_id` int(10) NOT NULL,
  `order_date` timestamp NOT NULL DEFAULT current_timestamp(),
  `post_id` int(10) NOT NULL,
  `customer_id` int(10) NOT NULL,
  `price` int(10) NOT NULL,
  `status` char(3) NOT NULL
) ENGINE=InnoDB DEFAULT CHARSET=utf8mb4;

--
-- Dumping data for table `orders`
--

INSERT INTO `orders` (`order_id`, `order_date`, `post_id`, `customer_id`, `price`, `status`) VALUES
(2, '2022-03-05 16:56:16', 32, 18, 300, 'yes'),
(4, '2022-03-05 17:30:00', 35, 18, 2500, 'yes'),
(5, '2022-03-05 18:21:38', 35, 23, 2500, 'yes'),
(9, '2022-03-06 06:21:20', 39, 23, 5000, 'yes'),
(11, '2022-03-07 03:29:41', 37, 18, 5900, 'yes');

-- --------------------------------------------------------

--
-- Table structure for table `post`
--

CREATE TABLE `post` (
  `post_id` int(10) NOT NULL,
  `title` varchar(255) NOT NULL,
  `content` longtext NOT NULL,
  `price` int(10) NOT NULL,
  `img_title` varchar(255) NOT NULL,
  `cate_id` int(10) NOT NULL,
  `user_id` int(10) NOT NULL
) ENGINE=InnoDB DEFAULT CHARSET=utf8mb4;

--
-- Dumping data for table `post`
--

INSERT INTO `post` (`post_id`, `title`, `content`, `price`, `img_title`, `cate_id`, `user_id`) VALUES
(32, 'คอร์สติว GAT/PAT บุฟเฟต์', 'สิ่งที่คุณจะได้รับ<br><br>-ตะลุยข้อสอบจริง<br>-รวมคอร์สปั้นหมอครบทั้งเซต<br>-คอร์สกระชับเรียนน้อย<br>-เน้นจุดที่ทำคะแนนได้จริง<br>-เทคนิคเจาะข้อสอบจากห้องสอบ<br>-เนื้อหาครบพร้อมสอบทุกสนาม<br>-เลือกซื้อราคาถูกสุดหรือเรียนยาวจนวันสอบสำหรับ ม.4-6<br>-เรียนทวนได้ไม่อั้น', 300, '566269332.jpeg', 5, 19),
(33, 'สอนพิเศษภาษาอังกฤษ (English Tutor) / ติวสอนการบ้านภาษาอังกฤษ', 'รับสอนพิเศษภาษาอังกฤษพื้นฐาน ติวสอนการบ้านภาษาอังกฤษ  <br><br>- ฺBasic Grammar<br>- Reading<br>- Paragraph Writing<br>- Listening & Speaking<br>- English Phonetics<br><br>รับตั้งแต่ระดับชั้นประถม-มหาวิทยาลัย<br>ผู้สอนกำลังศึกษาปริญญาโท ภาควิชาภาษาศาสตร์ประยุกต์<br><br>ขั้นตอนการทำงาน<br>สำหรับ สอนพิเศษภาษาอังกฤษ (English Tutor) / ติวสอนการบ้านภาษาอังกฤษ<br>1. สอบถามหัวข้อหรือเนื้อหาที่ผู้เรียนต้องการ<br>2. ทดสอบความรู้พื้นฐานของผู้เรียน<br>3. นัดหมายเวลาเรียนหรือสถานที่(ออนไลน์หรือสถานที่สาธารณะ)<br>4. เริ่มต้นการสอนครั้งละอย่างน้อย 1 ชั่วโมงหรือ 2 ชั่วโมง', 250, '2070668958.jpg', 2, 19),
(34, 'ติวเตอร์คณิตศาสตร์ ระดับประถมศึกษา และมัธยมตอนต้น', 'รับสอนพิเศษ ปูพื้นฐาน ตะลุยโจทย์ เพิ่มเกรด สอนการบ้าน<br><br>รับสอนวิชาคณิตศาสตร์ ชั้นประถมศึกษา จนถึงมัธยาศึกษาตอนต้น<br><br>สอนเน้นความเข้าใจ แบบพี่ถ่ายทอดสู่น้อง <br><br>มีชีทเรียนให้ สอนออนไลน์<br><br>จ-ศ 18:00-20:00<br>ส-อ 09:00-17:00<br><br>เลือกช่วงเวลาได้<br><br><br>ขั้นตอนการทำงาน<br>สำหรับ ติวเตอร์คณิตศาสตร์ ระดับประถมศึกษา และมัธยมตอนต้น<br>1. เเจ้งความต้องการเรียน ช่วงเวลา จำนวนคน ตกลงจำนวนชั่วโมงที่จะเรียน<br>2. ส่งชีทสรุปเรื่องในแต่ละบทที่เรียนล่วงหน้า<br>3. นัดเวลาเริ่มเรียนได้ และจ่ายเงินตามชั่วโมงเรียน', 250, '561269578.jpg', 1, 15),
(35, 'ติวเตอร์พี่นิว ติวภาษาอังกฤษออนไลน์', 'รับติวภาษาอังกฤษ online ตัวต่อตัว เน้นติวสอบเข้า สอบโทอิค สอบก.พ.และสอบบรรจุข้าราชการ<br><br>ขั้นตอนการทำงาน<br>สำหรับ ติวเตอร์พี่นิว ติวภาษาอังกฤษออนไลน์<br>1. เลือกคอร์สที่ต้องการสมัครเรียนและติดต่อติวเตอร์<br>2. นัดเวลาที่สะดวกเรียนซึ่งสามารถเปลี่ยนแปลงให้เหมาะสมกับความสะดวกของผู้เรียนและติวเตอร์<br>3. สามารถเลือกช่องทางออนไลน์ในการสอนได้ไม่ว่าจะเป็น zoom facebook live หรือ skype<br><br>Grammar Map Absolute Course Online<br> <br>1.คอร์สนี้เหมาะกับใคร ??<br>นักเรียนระดับ ม.1 - ม.6 และนักศึกษาที่ต้องการเพิ่มความเข้าใจ Grammar ภาษาอังกฤษทั้งหมด<br><br>2.Grammar ในคอร์สมีเรื่องอะไรบ้าง ??<br>✏️Tense<br>✏️Passive Voice<br>✏️Noun<br>✏️Pronoun<br>✏️Qaintity word<br>✏️SV Agreement<br>✏️Verb<br>✏️Modal Verb<br>✏️Infinitive<br>✏️Gerund<br>✏️Participle<br>✏️Adverb&Adjective<br>✏️Comparison<br>✏️If-Clause(Conditional Sentence)<br>✏️Relative Clause<br>✏️Indirect Speech(Reported Speech)<br>✏️Phrase Clause Sentence<br>✏️Connector', 2500, '1468544882.jpg', 2, 15),
(36, 'ติว TOEIC การันตีผล โดยครูพี่ป๊อบ', 'TOEIC TOEFL การันตีผล ยินดีสอนจนกว่าจะผ่าน<br><br>โดยครูพี่ป๊อบ ณรงค์ฤทธิ์ ด้วยประสบการณ์กว่า 10 ปี และผลงานนักเรียนสอบผ่านมากมาย <br><br>เรียนคอร์สออนไลน์ได้แล้ววันนี้ผ่าน Zoom ด้วยความสะดวกที่บ้านของเราเอง<br><br>ฟรี สื่อออนไลน์ ติดตามชมที่หน้าเพจ เข้ามาติวฟรีกันเยอะๆน้า<br><br>ขั้นตอนการทำงาน<br>สำหรับ ติว TOEIC การันตีผล โดยครูพี่ป๊อบ<br>1. คุยรายละเอียดเบื้องต้น เป้าหมายคะแนน ตารางที่สะดวก พื้นฐานการสอบ เคยสอบมาก่อนหรือไม่<br>2. นัดเวลาเรียน ชำระเงิน โหลด แอพพลิเคชั่นการเรียน และหนังสือเรียน<br>3. เริ่มต้นเรียนตามตาราง<br>4. จบคอร์ส สอบ วัดผล การันตี<br><br>คอร์สรายเดือน ติว 1-1<br> ระยะเวลา 30 วัน<br>คอร์สโทอิค รายเดือน 2500 บาท/เดือน <br>นักเรียนจะได้รับ <br>- หนังสือเรียนฟรี จากทางสถาบัน<br>- สมุดคำศัพท์ 200 คำ และเทคนิคการจำศัพท์ <br>- Progress Tracker sheet<br>- Scheduling Outline<br>- ข้อสอบฟรี<br>คอร์สติวออนไลน์ สัปดาห์ละ สองครั้ง ครั้งละ 1.5 ชม. สำหรับคนพื้นฐานน้อย ไม่รีบ อยากปูพื้นฐานระดับเบสิค แล้วจึงไปสอบจริง ซึ่งมีเวลาหลายเดือน คอร์สนี้มีข้อสอบเสมือนจริงให้วัดภายในตัว<br><br>แนะนำควรเรียนอย่างต่ำ 3 เดือนเพื่อหวังผล เรียนออนไลน์', 2500, '771274862.jpg', 3, 21),
(37, 'ติวGAT ENG จัดเต็ม เข้มทุกเนื้อหา พาได้คะแนน150 ', '+Full คอร์ส 77 ชั่วโมง<br><br>+5 พิเศษ เฉลยข้อสอบครบข้ออย่าละเอียด<br><br>+4 คุ้ม ติวแตกศัพท์ออกสอบ<br><br> <br>    วิชา GAT ENG เป็นวิชาสำคัญที่เป็นตัวชี้ชะตา ตัดสินคณะและอนาคตของน้องๆเลยทีเดียว GAT ENG มีการเปลี่ยนข้อสอบโดยไม่ได้บอกก่อนหลายครั้ง ทำให้น้องๆที่ไมได้เตรียมตัวจะทำข้อสอบไม่ได้ ไม่ใช่ไม่ได้ที่ข้อสอบยากอย่างเดียว แต่จะทำไม่ได้เพราะไม่เคยเจอข้อสอบแนวนี้เสียด้วยซ้ำ ติวGAT ENG จัดเต็ม เข้มทุกเนื้อหา พาได้คะแนน 150 (Fullคอร์ส) นี้ จะพาน้องๆดู วิเคราะห์ บอกเทคนิค ตัวอย่างข้อสอบทุกประเภทที่เคยออกใน GAT ENG พร้อมทั้งฝึกฝนการทำข้อสอบปีเก่าตั้งแต่ปี 2552-2556 เพราะข้อสอบ GAT ENG นั้นชอบนำข้อสอบมาใช้ซ้ำดังนั้นการทำข้อสอบเก่าพร้อมเฉลยอย่างละเอียดจึงเป็นประโยชน์อย่างมาก <br><br> <br>พิเศษ<br><br>พิเศษยิ่งกว่า  แถม Idioms & Phrasal Verbs ออกบ่อยที่สุดใน GAT ENG ฉบับจัดเต็ม <br><br>พิเศษยิ่งกว่ากว่าWord Roots เทคนิคศัพท์ขั้นเทพ แปลได้แม้ไม่เคยเจอศัพท์นี้ <br><br>แถมไปเลย 5 Grammar Topics  ออกบ่อยที่สุดใน GAT ENG <br><br>พิเศษที่สุด1 เฉลยข้อสอบครบข้ออย่างละเอียด GAT ENG 2560/1 <br><br>พิเศษที่สุด2 เฉลยข้อสอบครบข้ออย่างละเอียด GAT ENG 2560/2 <br><br>พิเศษที่สุด3 เฉลยข้อสอบครบข้ออย่างละเอียด GAT ENG 2559/1<br><br>พิเศษที่สุด4 เฉลยข้อสอบครบข้ออย่างละเอียด GAT ENG 2559/2<br><br>พิเศษที่สุด5 เฉลยข้อสอบครบข้ออย่างละเอียด GAT ENG 2558/1 <br><br> <br>ยังไม่หมด <br><br>คุ้มที่1 ติวแตกศัพท์ออกสอบ + เทคนิคการทำข้อสอบศัพท์เชิงเจาะลึก ได้ผลตั้งแตครั้งแรกที่เรียน <br><br>คุ้มที่2 Vocab Factory คลังคำศัพท์ออกบ่อยแบ่งตามหัวข้อ ที่ออกบ่อยสุดใน10ปีที่ผ่านมา <br><br>คุ้มที่3 Phrasal Verb Factory ศัพท์ประเภท 2-word verbs ออกบ่อย A-Z <br><br>คุ้มที่4 สอนกลอนศัพท์พิเศษ อีก10 กลอน การันตีศัพท์ออกGAT ENGแน่ปี2561 มากกว่า100++คำ<br><br> <br>รวมจำนวน 77 ชั่วโมง<br><br>สิ่งที่จะได้รับ<br>ตะลุยข้อสอบจริงทุกประเภทที่เคยมีมาในประวัติศาสตร์การสอบ GAT ENG<br>Techniques ในการทำข้อสอบทุกประเภทโดยละเอียด<br>เน้นจุดแข็ง กําจัดจุดอ่อน เสริมทักษะในการทำข้อสอบให้ไว แม่นยำ ตรงจุด ได้ผล %<br>เทคนิคลับ การตัด choices ขั้นเทพ สอนแบบละเอียด ไม่เข้าใจสามารถปรึกษาส่วนตัวได้ตลอด<br>5Grammar Topics ออกบ่อยที่สุดใน GAT ENG<br>เหมาะสำหรับ<br>นักเรียนช้ันมัธยมศึกษาตอนปลาย นักเรียนช้ันม.4 ยิ่งเรียนเร็วยิ่งได้ฝึกฝนก่อน พร้อมกว่า เอนท์ติดตั้งแต่รอบแรกๆ นักเรียนช้ันม.5 เตรียมความพร้อมก่อน เพื่อทดลองข้อสอบของจริง นักเรียนช้ันม.6 ตะลุยข้อสอบแบบจัดเต็ม มีเวลาปานกลาง เวลาฝึกทำโจทย์ภายใน 45 วัน', 5900, '1343999748.png', 5, 21),
(38, 'ติวเข้ม TOEIC เรียนแบบตัวต่อตัวรับรองผลขั้นต่ำ 750 คะแนนขึ้นไป', 'ลักษณะข้อสอบ TOEIC วัดความสามารถทางด้านภาษาอังกฤษ 2 ส่วน คือ แบบทดสอบการฟัง (Listening skills) และการอ่าน (Reading skills) รูปแบบข้อสอบ TOEIC เป็นแบบทดสอบแบบเลือกตอบ (Multiple Choice) 200 ข้อ ใช้เวลาสอบ 2 ชั่วโมงเต็ม คะแนนเต็ม 990 คะแนน<br><br>ส่วนที่ 1 Listening<br>เป็นแบบเลือกตอบ 100 ข้อ โดยผู้สอบจะได้ยินคำถามแต่ละข้อเพียงครั้งเดียว แบ่งออกเป็น 4 ส่วน คือ<br>Part ที่ 1 รูปภาพ (Picture Items) ผู้สอบจะได้ยินประโยคสั้น ๆ 4 ประโยค โดยผู้สอบจะต้องดูรูปและเลือกประโยคที่ถูกต้องตรงกับรูปที่ได้ยิน<br>Part ที่ 2 คำถาม (Question-Response) ผู้สอบจะได้ฟังคำถาม และคำตอบ 3 คำตอบ และเลือกคำตอบที่ถูกต้อง<br>Part ที่ 3 บทสนทนา (Short Conversations) ผู้สอบจะได้ยินบทสนทนาสั้น ๆ ระหว่างคน 2 คน โดยในแบบทดสอบจะมีคำถามเกี่ยวกับบทสนทนานั้น ๆ แล้วมีคำตอบ 4 คำตอบเขียนอยู่ ผู้สอบจะต้องเลือกคำตอบที่ตรงกับคำถามนั้น ๆ<br>Part ที่ 4 บทพูด (Short Talks) ผู้สอบจะได้ยินบทพูด เช่นคำประกาศต่าง ๆ และโฆษณา จะมีคำถาม 2-4 คำถามเกี่ยวกับบทพูดนั้นพร้อมคำตอบ 4 คำตอบในแต่ละข้อ ผู้สอบจะต้องเลือกคำตอบที่ถูกต้องกับคำถามนั้น ๆ<br>NEW TOEIC 2016<br><br>Part 1 และ Part 2 เนื้อหายังเหมือนเดิม เปลี่ยนแต่จำนวนข้อที่ลดลง<br>Part 3 Conversations เปลี่ยนจากเดิมมี 30 ข้อ 10 บทสนทนา บทสนทนาละ 3 ข้อ มี 2 คนคุยกัน แบบใหม่เพิ่มเป็น 39 ข้อ 13 บทสนทนา บทสนทนาละ 3 ข้อ<br>Part 4 Talks แบบใหม่ยังมี 30 ข้อเหมือนเดิม และจะคล้ายๆ Part 3 คือบางข้อก็จะมีภาพมาให้ดู<br><br>ส่วนที่ 2 Reading Comprehension<br><br>วัดความสามารถทางด้านการอ่าน 100 ข้อ ใช้เวลาสอบ 75 นาที แบ่งออกเป็น 3 ส่วนคือ<br>Part ที่ 1 ประโยคที่ไม่สมบูรณ์ (Incomplete Sentences) ผู้สอบจะได้อ่านประโยคที่ไม่สมบูรณ์ซึ่งมีข้อให้เลือก 4 ข้อ ผู้สอบจะเลือกคำหรือวลีที่ถูกต้องเพื่อเติมประโยคนั้น ให้สมบูรณถูกต้อง<br>Part ที่ 2 เติมคำลงในบทความ (Text Completion) มีบทความ จดหมาย และคำประกาศต่างๆ ผู้สอบจะต้องเติมคำให้สมบรูณ์ ซึ่งข้อสอบอาจจะถามในเรื่องของgrammar หรือคำศัพท์ต่างๆ<br>Part ที่ 3 ข้อความ (Reading Passages) จะมีบทความหลายหัวข้อให้อ่าน เช่น โฆษณา ประกาศ หนังสือ จดหมาย หรือตารางเวลา แล้วมีคำถามที่เกี่ยวข้องตั้งแต่ 2-4 คำถาม', 5700, '312365914.png', 3, 21),
(39, 'วิชาคณิตศาสตร์ สอบเข้า ม.4 เตรียมอุดมศึกษา', 'จุดเด่นของคอร์สนี้<br><br>1. ได้คิดเลือกโจทย์ให้เหมาะสมกับเนื้อหาที่มีการออกสอบบ่อย<br>2. โดยที่โจทย์ส่วนของการประยุกต์คำนวณพีชคณิตนั้นจะถูกเน้นเป็นพิเศษ เนื่องจากเป็นสัดส่วนที่ออกมากที่สุด รองลงมาแล้ว<br><br>    จะเป็นโจทย์แนวเรขาคณิตวิเคราะห์<br>3. โดยตัวของโจทย์แต่ละข้อจะเอาหลายๆ สูตรมารวมกัน ดังนั้นมันจึงเหมาะกับการทำโจทย์ที่หลากหลายและเป็นการทบทวน<br><br>    สูตรเลขต่างๆที่จำเป็นต้องมีติดตั่วก่อนเข้าห้องสอบ<br><br><br>คอร์สนี้เหมาะสมกับใคร?<br><br>นักเรียนระดับมัธยมต้น(1-3) ที่กำลังต้องการศึกษาต่อที่ โรงเรียนเตรียมอุดมศึกษา<br>นักเรียนระดับชั้นม.3 ที่ต้องการเพิ่มทักษะในการทำข้อสอบ ในระยะเวลาอันสั้น แต่สามารถเรียนรู้ทักษะการทำข้อสอบในแนวต่างๆได้<br> <br><br>รายละเอียดเนื้อหา :  จำนวน 80 ข้อ <br><br>เนื้อหาและการประยุกต์เรื่อง เลขยกกำลัง, ลำดับและอนุกรม<br>เนื้อหาเรื่องและการประยุกต์เรื่อง ทฤษฏีจำนวนเบื้องต้น<br>เนื้อหาเรื่องและการประยุกต์เรื่อง จำนวนจริงและทฤษฏีบทเศษเหลือ<br>เนื้อหาเรื่องและการประยุกต์เรื่อง สมการพาราโบลา, สมกาวงรี, สมการเส้นตรง<br>เนื้อหาเรื่องและการประยุกต์เรื่อง จำนวนจริงและอสมการ<br>เนื้อหาเรื่องและการประยุกต์เรื่อง จำนวนจริงและค่าสัมบูรณ์<br>เนื้อหาเรื่องและการประยุกต์เรื่อง พีชคณิตและสมการกำลังสาม<br>เนื้อหาเรื่องและการประยุกต์เรื่อง พีชคณิตและสมการกำลังสอง<br>เนื้อหาเรื่องและการประยุกต์เรื่อง พีชคณิตและสมการกำลังสอง, สามตัวแปร<br>เนื้อหาเรื่องและการประยุกต์เรื่อง พีชคณิตและทฤษฏีจำนวน<br>เนื้อหาเรื่องและการประยุกต์เรื่อง พีชคณิตและรากที่สอง<br>เนื้อหาเรื่องและการประยุกต์เรื่อง พีชคณิตและสมการกำลัง3 สมการกำลัง4 และสมการกำลัง5<br>เนื้อหาเรื่องและการประยุกต์เรื่อง เรขาคณิตแบบต่างๆที่ออกสอบบ่อย, ที่เกิดจากวงกลม 2 วงตัดกัน<br>เนื้อหาเรื่องและการประยุกต์เรื่อง สถิติ<br>เนื้อหาเรื่องและการประยุกต์เรื่อง กำไร, ขาดทุน, รูปแบบที่เหมือนง่ายแต่ทำไม่ค่อยได้<br>เนื้อหาเรื่องและการประยุกต์เรื่อง พีชคณิตและรากที่5<br>เนื้อหาเรื่องและการประยุกต์เรื่อง ลอการิทึม<br>เนื้อหาเรื่องและการประยุกต์เรื่อง ลอการิทึมและอนุกรม<br>เนื้อหาเรื่องและการประยุกต์เรื่อง ลอการิทึมและการแก้สมการ<br>เนื้อหาเรื่องและการประยุกต์เรื่อง ลอการิทึม<br>เนื้อหาเรื่องและการประยุกต์เรื่อง ลอการิทึมและเลขยกกำลัง<br>เนื้อหาเรื่องและการประยุกต์เรื่อง ลอการิทึมและการหาจำนวนหลักของตัวเลข<br>เนื้อหาเรื่องและการประยุกต์เรื่อง ลอการิทึมและการหาจำนวนทศนิยมของตัวเลข<br>เนื้อหาเรื่องและการประยุกต์เรื่อง สมการเชิงเส้น 2 ตัวแปร<br>เนื้อหาเรื่องและการประยุกต์เรื่อง สมการเชิงเส้น 2 ตัวแปรและอัตราส่วน<br>เนื้อหาเรื่องและการประยุกต์เรื่อง พีชคณิตและการหาเศษเหลือแบบพิษดาร<br>เนื้อหาเรื่องและการประยุกต์เรื่อง พีชคณิตและสมการกำลัง3<br>เนื้อหาเรื่องและการประยุกต์เรื่อง พีชคณิตแบบยาก<br>เนื้อหาเรื่องและการประยุกต์เรื่อง พีชคณิตและสมการกำลัง2 สมการกำลัง3 สมการกำลัง4<br>เนื้อหาเรื่องและการประยุกต์เรื่อง อสมการแบบพิษดาร<br>เนื้อหาเรื่องและการประยุกต์เรื่อง พีชคณิตที่เกิดจากสมการกำลังสอง 3 ตัวแปร และ 4 ตัวแปร<br>เนื้อหาเรื่องและการประยุกต์เรื่อง พีชคณิตที่เกิดจากเลขยกกำลังที่จัดรูปยาก<br>เนื้อหาเรื่องและการประยุกต์เรื่อง การประยุกต์การหาพื้นและพื้นที่ผิว<br>เนื้อหาเรื่องและการประยุกต์เรื่อง การประยุกต์การหาปริมาตร<br>เนื้อหาเรื่องและการประยุกต์เรื่อง การประยุกต์การหาปริมาตรที่เกิดจากรูปทรงเรขาคณิตต่างๆ<br>เนื้อหาเรื่องและการประยุกต์เรื่อง ความน่าจะเป็น<br>เนื้อหาเรื่องและการประยุกต์เรื่อง สมการพาราโบลา, สมการวงกลม, สมการเส้นตรง, สมการวงรี<br>เนื้อหาเรื่องและการประยุกต์เรื่อง การแก้สมการหลายตัวแปรและการประยุกต์พีชคณิต<br>การประยุกต์ อสมการและสับเซตของจำนวนจริง<br>การประยุกต์ สมการไฮเพอร์โบลา สมการเส้นตรง<br>การประยุกต์ ค่าสูงสุดและค่าต่ำสุด ของสมการกำลังสอง ที่ต้องอาศัยการจัดรูปที่ซับซ้อน<br>การประยุกต์ สมการ 2 สมการกับค่าสัมบูรณ์<br>การประยุกต์  ความน่าจะเป็นของเซตของจำนวนเต็มบวก ที่เรียงตัวแบบลำดับเลขคณิต<br>การประยุกต์ พาราโบลาและไฮเพอร์โบลา ระยะตัดแกน Y<br>การประยุกต์  ห.ร.ม และ ค.ร.น. ของช่วงของเลขจำเต็ม<br>การประยุกต์ ระยะทางระทางระหว่างจุดโฟกัสของสมการวงรีไปยังสมการเส้นตรงที่ผ่านอีกจุดโฟกัส<br>การประยุกต์ sin และ cosของตรีโกณมิติที่ยกกำลัง 4<br>การประยุกต์ การแก้สมการกำลังสองที่ติดรากที่สอง และต้องจัดรูปที่ซับซ้อน<br>การประยุกต์ รัศมีของวงกลมที่สัมผัสกับสมการเส้นกำกับไฮเพอร์โบลา<br>การประยุกต์ จำนวนแบบของสมาชิกของเซตและการใช้งานความน่าจะเป็นเพื่อแก้ปัญหา<br>การประยุกต์ ความน่าจะเป็นในการสร้างเลข 5 หลัก ที่แตกต่างกันสามจำนวน<br>การประยุกต์ อนุกรมเทเลสโคปิคแบบยากที่ซับซ้อนในการจัดรูป<br>การประยุกต์ การหาโปรเจคชั่นของจุดบนเส้นตรง<br>การประยุกต์การหาพื้นที่ระหว่างเส้นตรงสองเส้นและแกน X <br>การประยุกต์การหาสมการเส้นตรงที่มุมกับแกน X <br>การประยุกต์ การแก้สมการโดยอาศัยเลขยกกำลังแบบซับซ้อน<br>การประยุกต์ จำนวนจริงบวกที่จัดรูปแบบซับซ้อนและการประยุกต์ ห.ร.ม. และค่าสัมบูรณ์<br>การประยุกต์ ลำดับและอนุกรมเลขคณิต', 5000, '1030364047.jpg', 1, 19),
(40, 'ติว O-NET ป.6 คณิตศาสตร์ ปี63 by พี่ป่าน ALevel', 'ติว O-NET ป.6 - คณิตศาสตร์ ปี 63 by พี่ป่าน ALevel<br><br>--->> https://www.youtube.com/watch?v=XmmoBwiDrU4<br><br>ใกล้สอบโอเน็ตแล้ว พี่ OnDemand ประถม ชวนน้อง ๆ ไปทบทวนกันจ้า ☺✌<br>สำหรับน้อง ๆ คนไหน สนใจอยากศึกษาคอร์สทดลองเรียนเพิ่มเติม เข้าไปดูได้ที่<br>👉 http://bit.ly/2QbOGAw<br>👉 http://bit.ly/2pewJYX<br><br>ติดตามข้อมูลเพิ่มเติมได้ที่ :<br>Website : http://www.OnDemand.in.th<br>Facebook : http://www.facebook.com/ondemandacademy<br>Twitter : https://twitter.com/OnDemand_TH<br>Instagram : ondemandacademy', 1, '2056476307.jpg', 4, 19),
(44, '555', '5215', 2509, '1501449623.jpg', 1, 20);

-- --------------------------------------------------------

--
-- Table structure for table `tutor_info`
--

CREATE TABLE `tutor_info` (
  `tutor_info_id` int(11) NOT NULL,
  `skill` varchar(255) NOT NULL,
  `educational` varchar(255) NOT NULL,
  `user_id` int(10) NOT NULL
) ENGINE=InnoDB DEFAULT CHARSET=utf8mb4;

--
-- Dumping data for table `tutor_info`
--

INSERT INTO `tutor_info` (`tutor_info_id`, `skill`, `educational`, `user_id`) VALUES
(1, 'มีประสบการณ์สอนมากกว่า2ปี <br>ปัจจุบันเป็นติวเตอร์ประจำสถาบันแม็ค คลองสาม สอนตั้งแต่ระดับชั้นป.3-ม.6 วิชาคณิตศาสตร์ ', 'จบจาก ธรรมศาสตร์<br>คณะ วิทยาศาสตร์และเทคโนโลยี', 19),
(4, 'ติวเตอร์วิชาเคมี ม.4-6 (ปกติ เเละคอร์สEnt) ทั้งหลักสูตรปกติ,EP, bilinguar, International นร.รร. เตรียมอุดม,สตรีวิทยา,สวนกุหลาบ,เซ็นโยเซฟ,<br>เซ็นคาร์เบียล,เซ็นฟรังค์ ,นานาชาติภูเก็ต<br>ติวเตอร์วิชาวิทยาศาสตร์ ม.4-6 นร.รร.ทั้งหลักสูตรEP สาธิตปทุมวัน<br>วิท', 'ป.ตรี ครุศาสตร์บัณฑิต เคมี เกียรตินิยมอันดับ2 จุฬาลงกรณ์มหาวิทยาลัย<br>ป.โท(กำลังศึกษาปี3) ปิโตรเคมีเเละวิทยาศาสตร์พอลิเมอร์ คณะวิทยาศาสตร์<br>จุฬาลงกรณ์มหาวิทยาลัย', 20),
(13, 'ได้เรียนภาษาอังกฤษกับเจ้าของภาษา (Native English Speaker) <br>และสำเนียงแบบอังกฤษ (British accent) ', 'จบจาก ABAC<br>คณะ BBA', 21),
(14, 'มีประสบการณ์จากการเป็นติวเตอร์วิชาฟิสิกส์ และคณิตศาสตร์กว่า 3 ปี', 'จบจาก มหาวิทยาลัยเทคโนโลยีพระจอมเกล้าธนบุรี (บางมด)', 15);

-- --------------------------------------------------------

--
-- Table structure for table `users`
--

CREATE TABLE `users` (
  `user_id` int(11) NOT NULL,
  `firstname` varchar(255) NOT NULL,
  `lastname` varchar(255) NOT NULL,
  `email` varchar(255) NOT NULL,
  `password` varchar(255) NOT NULL,
  `img` varchar(255) NOT NULL,
  `urole` varchar(255) NOT NULL,
  `created_at` timestamp NOT NULL DEFAULT current_timestamp() ON UPDATE current_timestamp()
) ENGINE=InnoDB DEFAULT CHARSET=utf8mb4;

--
-- Dumping data for table `users`
--

INSERT INTO `users` (`user_id`, `firstname`, `lastname`, `email`, `password`, `img`, `urole`, `created_at`) VALUES
(10, 'ภัทราวุฒิ', 'เบี้ยกระโทก', 'pattawut.ba@rmuti.ac.th', '$2y$10$A3.5bjF/5XE1.eDSsTILSugpEJNxu19LdTV710Km7CJF6hIoL7Tgm', '918986657.gif', 'admin', '2022-02-27 23:18:27'),
(15, ' ฉัตรชัย', 'ชูพุดซา', 'ty_bens_@hotmail.com', '$2y$10$r9vEpH3PFWpXeJtGg7bUueMalU5axuAmGdF7mu6ze7LSAc33WWqMC', '1519050623.jpg', 'tutor', '2022-02-27 15:27:51'),
(18, 'เบ้น', 'เอง', 'bens0746@gmail.com', '$2y$10$pDFKrY6P6KyzAkneRlzYBufMEUoj/bBWX7T.6qEUB/Gl/Orfl7vEC', '1035829754.jpg', '', '2022-03-05 18:58:36'),
(19, 'ภัทราวุฒิ', 'นะ', 'ty_bens_1@hotmail.com', '$2y$10$NTPCe9HCwPIxSvJvhfstXuOwyhNislRT3IXPMgIlDLJ4eqA3eajXC', '1921970945.gif', 'tutor', '2022-02-28 00:00:48'),
(20, 'Kru', 'uu', 'ty_bens_2@hotmail.com', '$2y$10$gviJjjTkQOPm75Ew6Ns4BuqVfchjnbXk05bDmAJbGJCbvfUTxCT0K', '2102336418.jpg', 'tutor', '2022-03-04 10:57:11'),
(21, 'สวัสดี', 'นะครับ', 'ty_bens_3@hotmail.com', '$2y$10$lXi/JqgPSf6sCSfLE3TqEuBb7uQ8qUtquKy5CkHd3/EIp3K3uVhPK', '1238186481.jpg', 'tutor', '2022-02-28 02:35:21'),
(22, 'Gost', 'Kum', 'ty_bens_4@hotmail.com', '$2y$10$QJZl2zZ7Za/pFSd9Oukqw.5LHpMzfsik89NR2hBQEhN1uXYb57lf6', '276143466.jpg', 'tutor', '2022-03-01 18:11:07'),
(23, 'ไม่รู้นะ', 'นะครับ', 'bens07461@gmail.com', '$2y$10$BY9vlAtc2QE0/gsb5HjSFeOGkjNnOHNW1rpCyg3SSwDcGeYOsdl8i', '993576431.jpg', 'user', '2022-03-05 18:21:08');

--
-- Indexes for dumped tables
--

--
-- Indexes for table `categories`
--
ALTER TABLE `categories`
  ADD PRIMARY KEY (`cate_id`);

--
-- Indexes for table `orders`
--
ALTER TABLE `orders`
  ADD PRIMARY KEY (`order_id`),
  ADD KEY `customer_id` (`customer_id`),
  ADD KEY `post_id` (`post_id`);

--
-- Indexes for table `post`
--
ALTER TABLE `post`
  ADD PRIMARY KEY (`post_id`),
  ADD KEY `user_id` (`user_id`),
  ADD KEY `cate_id` (`cate_id`);

--
-- Indexes for table `tutor_info`
--
ALTER TABLE `tutor_info`
  ADD PRIMARY KEY (`tutor_info_id`),
  ADD KEY `user_id` (`user_id`);

--
-- Indexes for table `users`
--
ALTER TABLE `users`
  ADD PRIMARY KEY (`user_id`);

--
-- AUTO_INCREMENT for dumped tables
--

--
-- AUTO_INCREMENT for table `categories`
--
ALTER TABLE `categories`
  MODIFY `cate_id` int(10) NOT NULL AUTO_INCREMENT, AUTO_INCREMENT=6;

--
-- AUTO_INCREMENT for table `orders`
--
ALTER TABLE `orders`
  MODIFY `order_id` int(10) NOT NULL AUTO_INCREMENT, AUTO_INCREMENT=12;

--
-- AUTO_INCREMENT for table `post`
--
ALTER TABLE `post`
  MODIFY `post_id` int(10) NOT NULL AUTO_INCREMENT, AUTO_INCREMENT=45;

--
-- AUTO_INCREMENT for table `tutor_info`
--
ALTER TABLE `tutor_info`
  MODIFY `tutor_info_id` int(11) NOT NULL AUTO_INCREMENT, AUTO_INCREMENT=15;

--
-- AUTO_INCREMENT for table `users`
--
ALTER TABLE `users`
  MODIFY `user_id` int(11) NOT NULL AUTO_INCREMENT, AUTO_INCREMENT=24;

--
-- Constraints for dumped tables
--

--
-- Constraints for table `orders`
--
ALTER TABLE `orders`
  ADD CONSTRAINT `orders_ibfk_1` FOREIGN KEY (`customer_id`) REFERENCES `users` (`user_id`),
  ADD CONSTRAINT `orders_ibfk_3` FOREIGN KEY (`post_id`) REFERENCES `post` (`post_id`);

--
-- Constraints for table `post`
--
ALTER TABLE `post`
  ADD CONSTRAINT `post_ibfk_1` FOREIGN KEY (`user_id`) REFERENCES `users` (`user_id`),
  ADD CONSTRAINT `post_ibfk_2` FOREIGN KEY (`cate_id`) REFERENCES `categories` (`cate_id`);

--
-- Constraints for table `tutor_info`
--
ALTER TABLE `tutor_info`
  ADD CONSTRAINT `tutor_info_ibfk_1` FOREIGN KEY (`user_id`) REFERENCES `users` (`user_id`);
COMMIT;

/*!40101 SET CHARACTER_SET_CLIENT=@OLD_CHARACTER_SET_CLIENT */;
/*!40101 SET CHARACTER_SET_RESULTS=@OLD_CHARACTER_SET_RESULTS */;
/*!40101 SET COLLATION_CONNECTION=@OLD_COLLATION_CONNECTION */;
